<?xml version="1.0" encoding="UTF-8"?>
<project-private xmlns="http://www.netbeans.org/ns/project-private/1">
    <editor-bookmarks xmlns="http://www.netbeans.org/ns/editor-bookmarks/2" lastBookmarkId="0"/>
    <open-files xmlns="http://www.netbeans.org/ns/projectui-open-files/2">
        <group>
            <file>file:/C:/Users/HP%20Z400/Desktop/InventoryManagement/src/ims/dal/EmloyeeDAL.java</file>
            <file>file:/C:/Users/HP%20Z400/Desktop/InventoryManagement/src/ims/gui/Employee.java</file>
        </group>
    </open-files>
</project-private>
